CODCASIO;ART_PRE
CODCASIO;ART_PRE
A-100WE-7B;76,00
A-100WEFG-9A;121,00
A-130WE-7A;123,00
A-130WEG-9A;172,00
A-158WA-1D;41,00
A-158WEM-3D;123,00
A-158WEM-7D;123,00
A-159WA-N1;48,00
A-159WGEA-1D;103,00
A-159W-N1;44,00
A-168WA-1W;51,00
A-168WA-3A;51,00
A-168WA-5A;51,00
A-168WA-8A;51,00
A-168WEMB-1B;159,00
A-168WG-9W;88,00
A-168WGG-1A;92,00
A-168WGG-1B;92,00
A-178WA-1A;47,00
A-500WA-1D;64,00
A-500WA-7D;64,00
A-500WGA-1D;109,00
A-500WGA-9D;109,00
A-700W-1A;62,00
A-700WEV-7A;98,00
A-700WEVG-9A;140,00
A-700WG-9A;112,00
A-700WMG-9A;113,00
ABL-100WE-1A;144,00
ABL-100WE-1B;144,00
AE-1000W-1A;57,00
AE-1000W-1B;57,00
AE-1000W-2A;57,00
AE-1000W-3A;57,00
AE-1000W-4B;57,00
AE-1000W-5A;57,00
AE-1000W-8A;57,00
AE-1000WD-1A;71,00
AE-1100W-1A;63,00
AE-1200WH-1A;63,00
AE-1200WH-1B;63,00
AE-1200WHB-1B;68,00
AE-1200WHB-3B;68,00
AE-1200WHD-1A;76,00
AE-1300WH-1A2;63,00
AE-1300WH-2A;63,00
AE-1300WH-8A;63,00
AE-1400WH-9A;69,00
AE-1500WH-1A;64,00
AE-1500WH-2A;64,00
AE-1500WH-8B;64,00
AE-1500WH-8B2;64,00
AE-1500WHX-1A;53,00
AE-1500WHX-3A;53,00
AE-1600H-1A;70,00
AE-1600H-5A;70,00
AE-1600H-8B;70,00
AE-1700H-1A;92,00
AE-1700H-1A2;92,00
AE-1700H-1B;92,00
AEQ-100W-1A;73,00
AEQ-110BW-9A;92,00
AEQ-110W-1A;73,00
AEQ-110W-1A2;73,00
AEQ-110W-1A3;73,00
AEQ-110W-1B;73,00
AEQ-110W-2A;73,00
AEQ-120W-1A;88,00
AEQ-120W-1B;88,00
AEQ-120W-2A;88,00
AEQ-120W-7A;88,00
AMW-870-1A;125,00
AMW-870A-2A;149,00
AMW-870A-3A;149,00
AMW-870D-1A;129,00
AMW-870DA-2A1;154,00
AMW-870DA-2A2;154,00
AMW-870DA-3A;154,00
AMW-880D-1A;149,00
AMW-880D-2A1;149,00
AMW-880D-3A;149,00
AMW-880D-9A;149,00
AQ-230A-1D;64,00
AQ-230A-2A1;64,00
AQ-230A-3A;64,00
AQ-230A-4A;64,00
AQ-230A-7A;64,00
AQ-230A-7B;64,00
AQ-230A-7D;64,00
AQ-230A-9A;64,00
AQ-230EGL-9A;134,00
AQ-230EL-1A;108,00
AQ-230EM-2A;154,00
AQ-230EM-7A;154,00
AQ-230GA-9B;94,00
AQ-230GA-9D;94,00
AQ-230GG-9A;94,00
AQ-240E-3A;129,00
AQ-240E-7A;129,00
AQ-240EG-9A;174,00
AQ-800E-1A;90,00
AQ-800E-3A;90,00
AQ-800E-7A;90,00
AQ-800E-7A2;90,00
AQ-800EG-9A;129,00
AQ-S820W-1A;143,00
AQ-S820W-3B;143,00
AQ-S820W-5A;143,00
AW-48HE-1A;45,00
AW-48HE-7A;45,00
AW-48HE-8A;45,00
AW-80D-1A;75,00
AW-90H-2B;53,00
AW-90H-7B;53,00
AW-90H-9E;53,00
B-640WB-1A;105,00
B-640WC-5A;104,00
B-640WCG-5D;114,00
B-640WD-1A;57,00
B-640WDG-7D;72,00
B-640WGG-9D;114,00
B-640WMR-5A;117,00
B-650WB-1B;104,00
B-650WC-5A;104,00
B-650WD-1A;57,00
BG-169U-3D;144,00
BGA-10D-2A1;149,00
BGA-10D-2A2;149,00
BGA-10D-6A;149,00
BGA-275-4A;193,00
BGA-310C-2A;258,00
BGD-10K-6D;131,00
BGD-10K-7D;131,00
BGD-10KH-2B;129,00
BGD-10KH-2C;129,00
BGD-10KH-4D;129,00
BGD-10KH-9D;129,00
BGD-565U-4D;156,00
BGD-565U-7D;156,00
BGD-565USW-5D;165,00
CA-53W-1Z;49,00
CA-53WB-8B;61,00
CA-53WF-1B;52,00
CA-53WF-2B;52,00
CA-53WF-3B;52,00
CA-53WF-4B;52,00
CA-53WF-8B;52,00
DB-360-1A;63,00
DB-36-1A;50,00
DB-36-9A;50,00
DBC-32-1A;80,00
DBC-32D-1A;94,00
DBC-611G-1D;140,00
DW-291H-1A;85,00
DW-291H-9A;85,00
DW-291HX-1A;85,00
DW-291HX-5A;85,00
DW-5040PG-1D;650,00
DW-5600GC-7D;225,00
DW-5600RW-1D;218,00
DW-5600UE-1D;179,00
DW-5600UHR-1D;198,00
DW-5600WW-7D;180,00
DW-5610UU-3D;198,00
DW-5610UU-8D;198,00
DW-5700PT-5D;245,00
DW-5900TD-9D;239,00
DW-9052-1V;108,00
DW-9052-2V;108,00
DW-9052GBX-1A4;134,00
DW-9052GBX-1A9;134,00
DWE-5600HG-1D;499,00
EFR-526D-2A;179,00
EFR-526D-7A;179,00
EFR-526L-2C;164,00
EFR-552D-1A;172,00
EFR-552D-1A2;172,00
EFR-552D-1A3;172,00
EFR-552D-2A;172,00
EFR-552L-5A;182,00
EFR-571DB-1A1;240,00
EFR-571DC-1A;280,00
EFR-571DC-2A;280,00
EFR-575D-2A;244,00
EFR-S567D-1A;253,00
EFS-S560DC-1A;452,00
EFV-140D-1A;178,00
EFV-140D-2A;178,00
EFV-140D-3A;178,00
EFV-150D-2A;164,00
EFV-150DC-1A;224,00
EFV-160D-1A;185,00
EFV-160D-2A;185,00
EFV-160D-3A;185,00
EFV-540D-1A;175,00
EFV-540D-1A2;175,00
EFV-540D-1A9;175,00
EFV-540DC-1B;219,00
EFV-550D-2A;175,00
EFV-550D-7A;175,00
EFV-550L-1A;175,00
EFV-570D-2A;175,00
EFV-570D-7A;175,00
EFV-600D-2A;185,00
EFV-600D-3C;180,00
EFV-610D-1A;185,00
EFV-610D-3C;185,00
EFV-610DE-2A;214,00
EFV-610DE-3A;214,00
EFV-620D-1A2;198,00
EFV-620D-1A4;198,00
EFV-620D-2A;198,00
EFV-620L-1A;198,00
EFV-630D-2A;207,00
EFV-630D-3A;207,00
EFV-640D-1A;188,00
EFV-640D-2B;188,00
EFV-640D-5A;188,00
EFV-640DC-1A;248,00
EFV-640DC-3A;248,00
EFV-650D-1A;188,00
EFV-650D-2B;188,00
EFV-650D-3A;188,00
EFV-650D-4A;188,00
EFV-C100D-1A;175,00
EFV-C100D-1B;175,00
EFV-C100D-2A;175,00
EFV-C100L-1A;175,00
EFV-C110D-1A4;188,00
EFV-C110D-2A;188,00
EFV-C110L-1A;188,00
EFV-C120D-1A;191,00
EFV-C120D-1A4;191,00
EFV-C120D-2A;191,00
EFV-C120D-3A;191,00
F-105W-1A;42,00
F-200W-1A;36,00
F-200W-9A;36,00
F-201WA-1A;36,00
F-201WA-9A;36,00
F-91W-1D;33,00
F-91W-3D;33,00
F-91WB-1A;49,00
F-91WB-2A1;49,00
F-91WB-8A;49,00
F-91WG-9Q;33,00
F-91WM-1B;33,00
F-91WM-2A;33,00
F-91WM-7A;33,00
F-91WM-9A;33,00
F-91WS-2D;49,00
F-91WS-4D;49,00
F-91WS-7D;49,00
F-91WS-8D;49,00
F-94WA-8D;32,00
F-94WA-9D;32,00
G-7900-1D;169,00
G-7900-2D;169,00
G-7900-3D;169,00
G-7900A-4D;169,00
GA-100-1A1;176,00
GA-100-1A4;176,00
GA-100BP-1A;247,00
GA-110CD-1A2;111,00
GA-110CD-1A3;111,00
GA-110CD-1A9;111,00
GA-110RL-1A;261,00
GA-110TU-1A5;232,00
GA-2000-1A2;219,00
GA-2100-4A;192,00
GA-2100-9A9;192,00
GA-2200M-4A;232,00
GA-2200SKL-4A;279,00
GA-2300-4A;232,00
GA-2300-7A;232,00
GA-700-1A;165,00
GA-700-1B;165,00
GA-700-4A;165,00
GA-B2100BBR-1A;299,00
GBD-100-1D;245,00
GBD-100-2D;245,00
GBD-200-1A1;270,00
GBD-200-1D;270,00
GBD-200-2D;270,00
GBD-200-7D;270,00
GBD-200-9D;270,00
GBX-100-2A;257,00
GD-010-1A1;198,00
GD-010-1D;198,00
GD-010-3D;198,00
GLX-S5600-4D;176,00
GM-5600MF-2D;429,00
GM-5600SCM-1D;415,00
GM-5600SG-9D;429,00
GMD-S5600-1D;197,00
GMD-S5600-2D;197,00
GMD-S5600BA-7D;195,00
GM-S2100MF-1A;449,00
GM-S5600MF-6D;425,00
GX-56BB-1D;246,00
GX-56MF-1D;295,00
HDA-600B-7B;53,00
HDC-700-1A;90,00
HDC-700-3A;90,00
HDC-700-3A2;90,00
HDC-700-3A3;90,00
HS-3V-1B;53,00
HS-3V-1R;53,00
HS-70W-1D;113,00
HS-80TW-1D;140,00
LA-11WR-5A;98,00
LA-20WH-1A;38,00
LA-20WH-1B;38,00
LA-20WH-1C;38,00
LA-20WH-2A;38,00
LA-20WH-4A;38,00
LA-20WH-4A1;38,00
LA-20WH-8A;38,00
LA-20WH-9A;38,00
LA-20WHS-2A;51,00
LA-20WHS-4A;51,00
LA-20WHS-7A;51,00
LA-670WA-1D;50,00
LA-670WA-2D;50,00
LA-670WA-4D;50,00
LA-670WD-1D;52,00
LA-670WEM-7D;71,00
LA-670WGA-1D;64,00
LA-680WA-1D;63,00
LA-680WA-4C;63,00
LA-680WA-7D;63,00
LA-680WGA-1B;95,00
LA-680WGA-1D;95,00
LA-680WGA-4C;95,00
LA-680WGA-9B;95,00
LA-680WGA-9C;95,00
LA-680WGA-9D;95,00
LF-10WH-1D;56,00
LF-10WH-2D;56,00
LF-10WH-3D;56,00
LF-20W-1A;53,00
LF-20W-3A;53,00
LF-20W-8A;53,00
LF-20W-8A2;53,00
LF-30W-1A;64,00
LF-30W-2A;64,00
LF-30W-8A;64,00
LQ-139AMV-1B3;24,00
LQ-139AMV-1E;24,00
LQ-139AMV-1L;24,00
LQ-139AMV-7B3;24,00
LQ-139BMV-1B;24,00
LQ-139BMV-7E;24,00
LQ-142-1E;24,00
LQ-142-7B;24,00
LQ-142-7E;24,00
LQ-142E-1A;25,00
LQ-142E-2A;25,00
LQ-142E-7A;25,00
LQ-142E-9A;25,00
LQ-24B-1B;56,00
LQ-24B-2B;56,00
LQ-24B-3B;56,00
LQ-24B-4B;56,00
LRW-200H-1B;48,00
LRW-200H-2B;48,00
LRW-200H-3C;48,00
LRW-200H-4B;48,00
LRW-200H-4B2;48,00
LRW-200H-4C;48,00
LRW-200H-4E;48,00
LRW-200H-4E2;48,00
LRW-200H-4E4;48,00
LRW-200H-7B;48,00
LRW-200H-7E1;48,00
LRW-200H-7E2;48,00
LRW-200H-9E;48,00
LRW-200H-9E2;48,00
LRW-200HS-2E;69,00
LRW-200HS-4E;69,00
LRW-200HS-7E;69,00
LTP-1094E-7A;48,00
LTP-1094Q-7B1;50,00
LTP-1094Q-7B2;50,00
LTP-1094Q-7B6;50,00
LTP-1094Q-7B7;50,00
LTP-1094Q-7B9;50,00
LTP-1094Q-9A;50,00
LTP-1128A-7B;50,00
LTP-1128G-7B;71,00
LTP-1128G-9A;71,00
LTP-1129A-7A;50,00
LTP-1129G-7B;67,00
LTP-1130N-7B;79,00
LTP-1170A-2A;63,00
LTP-1170A-7A;63,00
LTP-1170G-7A;76,00
LTP-1170N-7A;84,00
LTP-1170N-9A;84,00
LTP-1177A-2A;57,00
LTP-1177A-3A;57,00
LTP-1177A-4A1;57,00
LTP-1183A-1A;63,00
LTP-1183A-2A;63,00
LTP-1183A-7A;63,00
LTP-1183E-7A;53,00
LTP-1183G-7A;84,00
LTP-1183Q-7A;58,00
LTP-1183Q-9A;58,00
LTP-1215A-1A;53,00
LTP-1215A-1A2;53,00
LTP-1215A-2A;53,00
LTP-1215A-2A2;53,00
LTP-1215A-7A;53,00
LTP-1215A-7B2;53,00
LTP-1230D-1C;78,00
LTP-1234DD-1A;89,00
LTP-1234DD-4A;89,00
LTP-1234DD-7A;89,00
LTP-1241D-2A;59,00
LTP-1241D-3A;59,00
LTP-1241D-4A;59,00
LTP-1241D-4A2;59,00
LTP-1241D-4A3;59,00
LTP-1241D-7A2;59,00
LTP-1274D-1A;58,00
LTP-1274D-7A;58,00
LTP-1274D-7B;58,00
LTP-1274G-7A;78,00
LTP-1275D-1A;56,00
LTP-1275D-7A;56,00
LTP-1275D-7B;56,00
LTP-1275G-9A;81,00
LTP-1275SG-7B;79,00
LTP-1275SG-9A;79,00
LTP-1302D-1A1;74,00
LTP-1302D-1A2;74,00
LTP-1302D-7A1;74,00
LTP-1302D-7A2;74,00
LTP-1302D-7B;74,00
LTP-1302DD-4A2;79,00
LTP-1302DD-5A;79,00
LTP-1302DS-4A;102,00
LTP-1302L-1A;68,00
LTP-1302SG-7A;105,00
LTP-1303D-1A;68,00
LTP-1303D-7A;68,00
LTP-1303D-7B;68,00
LTP-1303DD-1A;81,00
LTP-1303DD-2A;81,00
LTP-1303DD-4A;81,00
LTP-1303DD-7A;81,00
LTP-1303L-7B;63,00
LTP-1303SG-7A;99,00
LTP-1308D-1A;74,00
LTP-1308D-1A2;74,00
LTP-1308D-4A;74,00
LTP-1308D-9A;74,00
LTP-1308SG-7A;104,00
LTP-1314D-1A;74,00
LTP-1314D-2A;74,00
LTP-1314L-8A;68,00
LTP-1314SG-1A;104,00
LTP-1335D-1A;78,00
LTP-1335D-1A2;78,00
LTP-1335D-4A;78,00
LTP-1335D-7A;78,00
LTP-1335D-9A;78,00
LTP-B166D-2A;115,00
LTP-B166D-4A;115,00
LTP-B166D-7A;115,00
LTP-B170D-1B;116,00
LTP-B170D-2B;116,00
LTP-B170D-4B;116,00
LTP-V001D-1B;42,00
LTP-V001D-7B;42,00
LTP-V001G-9B;63,00
LTP-V001GL-1B;40,00
LTP-V001GL-7B;40,00
LTP-V001L-1B;37,00
LTP-V001L-7B;37,00
LTP-V001SG-9B;58,00
LTP-V002D-1A;50,00
LTP-V002D-1B;50,00
LTP-V002D-1B3;50,00
LTP-V002D-2B3;50,00
LTP-V002D-4B;50,00
LTP-V002D-7A;50,00
LTP-V002D-7B;50,00
LTP-V002D-7B3;50,00
LTP-V002G-1B;71,00
LTP-V002G-7B;71,00
LTP-V002GL-1B;45,00
LTP-V002GL-7B;45,00
LTP-V002GL-7B2;45,00
LTP-V002L-1A;42,00
LTP-V002L-1B;42,00
LTP-V002L-1B3;42,00
LTP-V002L-7B;42,00
LTP-V002L-7B3;42,00
LTP-V002SG-9A;69,00
LTP-V004D-1B;52,00
LTP-V004D-1B2;52,00
LTP-V004D-2B;52,00
LTP-V004D-7B;52,00
LTP-V004D-7B2;52,00
LTP-V004G-7B;73,00
LTP-V004GL-7A;47,00
LTP-V004L-1A;45,00
LTP-V004L-2B;45,00
LTP-V004L-7A;45,00
LTP-V005D-1A;46,00
LTP-V005D-1B;46,00
LTP-V005D-1B2;46,00
LTP-V005D-2B;46,00
LTP-V005D-4B;46,00
LTP-V005D-4B2;46,00
LTP-V005D-7A;46,00
LTP-V005D-7B;46,00
LTP-V005D-7B2;46,00
LTP-V005G-7A;66,00
LTP-V005G-9A;66,00
LTP-V005GL-1B2;42,00
LTP-V005GL-7A;42,00
LTP-V005GL-7B;42,00
LTP-V005GL-9B;42,00
LTP-V005L-1A;41,00
LTP-V005L-1B;41,00
LTP-V005L-2B;41,00
LTP-V005L-7A;41,00
LTP-V005L-7B;41,00
LTP-V005L-7B2;41,00
LTP-V005SG-7A;61,00
LTP-V006D-1B2;52,00
LTP-V006D-2B;52,00
LTP-V006D-7B;52,00
LTP-V006D-7B2;52,00
LTP-V006G-7B;70,00
LTP-V006G-9B;70,00
LTP-V006L-1B;47,00
LTP-V006L-1B2;47,00
LTP-V006L-4B;47,00
LTP-V006L-7B;47,00
LTP-V006L-7B2;47,00
LTP-V006SG-9B;68,00
LTP-V007D-1B;55,00
LTP-V007D-1E;55,00
LTP-V007D-2E;55,00
LTP-V007D-4E;55,00
LTP-V007D-7B;55,00
LTP-V007L-1B;42,00
LTP-V007L-7B2;42,00
LTP-V007L-7E1;42,00
LTP-V007L-7E2;42,00
LTP-V007L-9E;42,00
LTP-V007SG-9B;63,00
LTP-V007SG-9E;63,00
LTP-V300D-1A;94,00
LTP-V300D-1A2;94,00
LTP-V300D-2A;94,00
LTP-V300D-2A2;94,00
LTP-V300G-7A;119,00
LTP-V300L-7A2;88,00
LTP-VT01D-1B;64,00
LTP-VT01D-2B;64,00
LTP-VT01D-2B2;64,00
LTP-VT01D-4B;64,00
LTP-VT01D-4B2;64,00
LTP-VT01D-7B;64,00
LTP-VT01G-1B;78,00
LTP-VT01G-2B;78,00
LTP-VT01G-4B;78,00
LTP-VT01G-7B;78,00
LTP-VT01GL-1B;62,00
LTP-VT01GL-2B;62,00
LTP-VT01GL-4B;62,00
LTP-VT01GL-9B;62,00
LTP-VT01L-1B;58,00
LTP-VT01L-5B;58,00
LTP-VT01L-7B1;58,00
LTP-VT01L-7B2;58,00
LTP-VT02BL-2A;70,00
LTP-VT02BL-4A;70,00
LTP-VT02D-2A;65,00
LTP-VT03D-1B;70,00
LTP-VT03D-3B;70,00
LTP-VT03D-7B;70,00
LTP-VT03GL-4B;70,00
LTP-VT04D-1A;70,00
LTP-VT04D-2A;70,00
LTP-VT04D-4A;70,00
LW-200-1A;50,00
LW-200-1B;50,00
LW-200-2A;50,00
LW-200-2B;50,00
LW-200-4A;50,00
LW-200-4B;50,00
LW-200-7A;50,00
LW-203-1A;52,00
LW-203-1B;52,00
LW-203-2A;52,00
LW-203-4A;52,00
LW-203-8A;52,00
LW-204-1A;53,00
LW-204-1B;53,00
LW-204-4A;53,00
LWA-300H-7E;70,00
LWS-1200H-1A;58,00
LWS-1200H-1A2;58,00
LWS-1200H-7A1;58,00
LWS-1200H-7A2;58,00
LWS-1200H-7A3;58,00
LWS-2200H-1A;82,00
LWS-2200H-4A;82,00
LWS-2200H-8A;82,00
LX-800H-4A;71,00
LX-800H-7A1;71,00
LX-800H-7A2;71,00
MDV-107D-1A1;161,00
MDV-107D-1A2;161,00
MDV-107D-1A3;161,00
MDV-107D-3A;161,00
MDV-107D-3A2;161,00
MDV-107D-5A;161,00
MDV-107D-7A;161,00
MDV-107D-8A;161,00
MDV-10D-2A1;148,00
MDV-10D-4A1;148,00
MDV-10D-4A2;148,00
MQ-24-1B;24,00
MQ-24-1B2;24,00
MQ-24-1B3;24,00
MQ-24-1E;24,00
MQ-24-7B;24,00
MQ-24-7B2;24,00
MQ-24-7B3;24,00
MQ-24-7E;24,00
MQ-24-7E2;24,00
MQ-24-9E;24,00
MQ-24B-1B;49,00
MQ-24B-3B;49,00
MQ-24B-8B;49,00
MQ-24B-9B;49,00
MQ-24D-7E;49,00
MQ-24S-2B;47,00
MQ-24S-4B;47,00
MQ-24S-7B;47,00
MQ-24S-8B;47,00
MQ-24UC-2B;32,00
MQ-24UC-3B;32,00
MQ-24UC-4B;32,00
MQ-24UC-8B;32,00
MQ-27-1B;24,00
MQ-27-7B;24,00
MQ-38-1A;25,00
MQ-38-2A;25,00
MQ-38-7A;25,00
MQ-38-8A;25,00
MQ-38-9A;25,00
MQ-38UC-2A1;32,00
MQ-38UC-2A2;32,00
MQ-38UC-4A;32,00
MQ-38UC-8A;32,00
MQ-71-1B;27,00
MQ-71-2B;27,00
MQ-71-4B;27,00
MQ-76-1A;25,00
MQ-76-2A;25,00
MQ-76-7A1;25,00
MQ-76-9A;25,00
MRW-200H-1B;48,00
MRW-200H-1B2;48,00
MRW-200H-1E;48,00
MRW-200H-2B;48,00
MRW-200H-2B2;48,00
MRW-200H-2B3;48,00
MRW-200H-3B;48,00
MRW-200H-4B;48,00
MRW-200H-7B;48,00
MRW-200H-7E;48,00
MRW-200H-9B;48,00
MRW-200HC-4B;50,00
MRW-210H-1A;73,00
MRW-210H-3A;73,00
MRW-210H-5A;73,00
MRW-230H-1E1;70,00
MRW-230H-1E2;70,00
MRW-230H-1E3;70,00
MSG-C150G-3A;295,00
MTD-125D-1A3;174,00
MTD-125D-2A1;174,00
MTD-125D-3A;174,00
MTD-125D-7A;174,00
MTD-135D-2A;158,00
MTD-135D-3A;158,00
MTD-135D-7A;158,00
MTP-1170N-7A;84,00
MTP-1170N-9A;84,00
MTP-1183A-7A;63,00
MTP-1183A-7B;63,00
MTP-1183E-7A;53,00
MTP-1183E-7B;53,00
MTP-1183G-7A;86,00
MTP-1183Q-7A;58,00
MTP-1183Q-9A;58,00
MTP-1215A-1A;63,00
MTP-1215A-2A;63,00
MTP-1215A-7A;63,00
MTP-1239D-1A;68,00
MTP-1239D-2A;68,00
MTP-1302D-1A1;74,00
MTP-1302D-7A2;74,00
MTP-1302D-7B;74,00
MTP-1302DA-2A1;113,00
MTP-1302DA-3A;113,00
MTP-1302DD-5A;79,00
MTP-1302DD-9A;79,00
MTP-1302DS-1A;102,00
MTP-1302DS-7A;102,00
MTP-1303D-1A;68,00
MTP-1303D-7A;68,00
MTP-1303D-7B;68,00
MTP-1303L-7B;63,00
MTP-1303SG-7A;99,00
MTP-1308D-1A;74,00
MTP-1308D-1A2;74,00
MTP-1308D-1B;74,00
MTP-1308D-2A;74,00
MTP-1308L-1A;68,00
MTP-1308SG-7A;104,00
MTP-1314D-1A;74,00
MTP-1314D-2A;74,00
MTP-1314D-7A;74,00
MTP-1314L-7A;68,00
MTP-1314L-8A;68,00
MTP-1335D-1A;82,00
MTP-1335D-1A2;82,00
MTP-1335D-2A;82,00
MTP-1335D-2A2;82,00
MTP-1335D-7A;82,00
MTP-1370D-1A1;88,00
MTP-1370D-1A2;88,00
MTP-1370D-7A2;88,00
MTP-1370G-1A;159,00
MTP-1370L-7A;83,00
MTP-1374D-1A;118,00
MTP-1374D-1A3;118,00
MTP-1374D-2A;118,00
MTP-1374D-2A3;118,00
MTP-1374D-5A;118,00
MTP-1374D-5A2;118,00
MTP-1374D-7A2;118,00
MTP-1374L-1A;109,00
MTP-1374L-7A;109,00
MTP-1374L-7A1;109,00
MTP-1375D-1A;119,00
MTP-1375D-2A1;119,00
MTP-1375D-2A2;119,00
MTP-1375D-3A;119,00
MTP-1375D-7A2;119,00
MTP-1381D-2A;93,00
MTP-1381D-3A;93,00
MTP-1381D-8A;93,00
MTP-1381GD-7A;169,00
MTP-1381L-7A;88,00
MTP-1384D-1A;109,00
MTP-1384D-2A;109,00
MTP-1384D-7A;109,00
MTP-1384D-7A2;109,00
MTP-1384L-1A;103,00
MTP-1384L-7A;103,00
MTP-B145D-2A2;108,00
MTP-B145D-3A;108,00
MTP-B145D-4A;108,00
MTP-B145D-7B;108,00
MTP-B145G-9A;138,00
MTP-B145SG-1A;178,00
MTP-B145SG-7A;178,00
MTP-B146D-1A;116,00
MTP-B146D-7A;116,00
MTP-B146G-3A;144,00
MTP-B146G-9A;144,00
MTP-B180D-1A1;154,00
MTP-B180D-2A;154,00
MTP-B185B-7A;192,00
MTP-B185D-2A2;146,00
MTP-B185D-7A;146,00
MTP-B195D-1A;180,00
MTP-B195D-2A;180,00
MTP-B195D-3A;180,00
MTP-B195D-7A;180,00
MTP-B195L-1A;180,00
MTP-B195RG-2A;250,00
MTP-E112L-7A;92,00
MTP-E510D-1A2;171,00
MTP-E510D-7A;171,00
MTP-E515D-1A;171,00
MTP-E515D-2A1;171,00
MTP-E515D-8A;171,00
MTP-E700B-7E;164,00
MTP-E725L-5A;138,00
MTP-E725L-8A;138,00
MTP-M306D-1A;205,00
MTP-M306D-2A;205,00
MTP-M306D-7A;205,00
MTP-M306M-4A;205,00
MTP-RS105M-7B;182,00
MTP-V001D-1B;42,00
MTP-V001D-7B;42,00
MTP-V001G-9B;63,00
MTP-V001GL-1B;40,00
MTP-V001GL-7B;40,00
MTP-V001GL-9B;40,00
MTP-V001L-1B;37,00
MTP-V001L-7B;37,00
MTP-V002D-1B;50,00
MTP-V002D-1B3;50,00
MTP-V002D-2B3;50,00
MTP-V002D-7B;50,00
MTP-V002D-7B3;50,00
MTP-V002G-1B;71,00
MTP-V002G-7B2;71,00
MTP-V002GL-1B;45,00
MTP-V002GL-7B2;45,00
MTP-V002L-1B;42,00
MTP-V002L-1B3;42,00
MTP-V002L-2B3;42,00
MTP-V002L-7B2;42,00
MTP-V002L-7B3;42,00
MTP-V004D-1B;52,00
MTP-V004D-1B2;52,00
MTP-V004D-1C;52,00
MTP-V004D-2B;52,00
MTP-V004D-7B;52,00
MTP-V004D-7B2;52,00
MTP-V004D-7C;52,00
MTP-V004G-7B;73,00
MTP-V004G-9B;73,00
MTP-V004GL-7A;48,00
MTP-V004GL-9A;48,00
MTP-V004L-1B2;45,00
MTP-V004L-1C;45,00
MTP-V004L-7A;45,00
MTP-V005D-1B4;46,00
MTP-V005D-1B5;46,00
MTP-V005D-2B4;46,00
MTP-V005D-7B;46,00
MTP-V005L-1B;40,00
MTP-V005L-1B4;40,00
MTP-V005L-7B;40,00
MTP-V006D-1B;52,00
MTP-V006D-1B2;52,00
MTP-V006D-1C;52,00
MTP-V006D-2B;52,00
MTP-V006D-7B2;52,00
MTP-V006D-7C;52,00
MTP-V006G-1C;70,00
MTP-V006G-7B;70,00
MTP-V006L-1B;47,00
MTP-V006L-7B;47,00
MTP-V006L-7C;47,00
MTP-V300B-1A;116,00
MTP-V300D-7A;93,00
MTP-V300G-7A;118,00
MTP-V300L-1A;89,00
MTP-VC01D-2E;88,00
MTP-VC01D-3E;88,00
MTP-VD01-2E;66,00
MTP-VD01-5E;66,00
MTP-VD01B-1B;82,00
MTP-VD01BL-1B;63,00
MTP-VD01D-1B;70,00
MTP-VD01D-1C;70,00
MTP-VD01D-1E;70,00
MTP-VD01D-1E2;70,00
MTP-VD01D-2E;70,00
MTP-VD01D-3E1;70,00
MTP-VD01D-3E2;70,00
MTP-VD01D-4B;70,00
MTP-VD01G-1B;84,00
MTP-VD01G-9E;84,00
MTP-VD01GL-1E;65,00
MTP-VD01L-1B;60,00
MTP-VD01L-1E;60,00
MTP-VD01L-2B;60,00
MTP-VD01SG-1B;76,00
MTP-VD02D-1E;70,00
MTP-VD02D-2E;70,00
MTP-VD03D-2A;72,00
MTP-VD03D-3A1;72,00
MTP-VD03D-7A;72,00
MTP-VD03G-3A;82,00
MTP-VD03L-1A;67,00
MTP-VD300-1B;91,00
MTP-VD300-3B;91,00
MTP-VD300-5B;91,00
MTP-VD300-7B;91,00
MTP-VD300BL-5E;95,00
MTP-VD300G-1E;90,00
MTP-VD300L-1E;85,00
MTP-VT01D-1B;64,00
MTP-VT01D-1B2;64,00
MTP-VT01D-2B;64,00
MTP-VT01D-7B;64,00
MTP-VT01G-1B;80,00
MTP-VT01G-2B;80,00
MTP-VT01G-5B;80,00
MTP-VT01G-7B;80,00
MTP-VT01L-1B2;58,00
MTP-VT01L-2B;58,00
MTP-VT01L-7B2;58,00
MTP-VT01LM-7A;74,00
MTP-VT03D-1B;70,00
MTP-VT03D-7B;70,00
MTP-VT03L-7B;65,00
MTP-VT04D-7E;70,00
MTP-VT04D-8E;70,00
MTP-VT04L-7E;65,00
MTP-VT04L-8E;65,00
MTP-W500D-1A;280,00
MTP-W500D-2A;280,00
MTP-W500L-2A;275,00
MTP-W500L-3A;275,00
MTS-110D-1A;141,00
MTS-110D-2A;141,00
MTS-110D-7A;141,00
MW-240-1B;32,00
MW-240-1B2;32,00
MW-240-1E;32,00
MW-240-1E2;32,00
MW-240-2B;32,00
MW-240-3B;32,00
MW-240-4B;32,00
MW-240-7B;32,00
MW-240-7E;32,00
MW-240B-3B;55,00
MW-240B-5B;55,00
MW-59-1B;35,00
MW-59-1E;35,00
MW-59-7B;35,00
MW-59-7E;35,00
MW-610H-1A;71,00
MW-610H-2A;71,00
MW-620H-1A;61,00
MW-620H-2A;61,00
MW-620H-3A;61,00
MWA-100H-7A;86,00
MWA-300H-2A;145,00
MWA-300H-3A;145,00
MWD-110H-3A;100,00
MWD-110H-8A;100,00
MWD-110H-8B;100,00
W-201-1B;40,00
W-215H-2A;43,00
W-215H-7A;43,00
W-216H-2B;48,00
W-216H-3B;48,00
W-217H-1A;40,00
W-217H-3A;40,00
W-217H-5A;40,00
W-217H-9A;40,00
W-217HM-5A;42,00
W-217HM-7B;42,00
W-217HM-9A;42,00
W-218H-1A;43,00
W-218H-1B;43,00
W-218H-2A;43,00
W-218H-3A;43,00
W-218H-4B;43,00
W-218H-4B2;43,00
W-218H-8B;43,00
W-218HC-2A;45,00
W-218HC-4A;45,00
W-218HC-4A2;45,00
W-218HC-8A;45,00
W-218HD-1A;60,00
W-218HM-7A;42,00
W-219H-1A;48,00
W-219H-2A;48,00
W-219H-2A2;48,00
W-219H-4A;48,00
W-219H-8B;48,00
W-219HB-3A;58,00
W-219HB-5A;58,00
W-219HC-2B;44,00
W-219HC-8B;44,00
W-220H-1A;82,00
W-220H-1A2;82,00
W-220H-1A3;82,00
W-59-1V;37,00
W-735H-1A;79,00
W-735H-1A2;79,00
W-735H-8A2;79,00
W-737H-1A;60,00
W-737H-1A2;60,00
W-737H-2A;60,00
W-737HX-1A;56,00
W-800H-1A;48,00
W-800H-1B;48,00
W-800H-2A;48,00
W-800H-5A;48,00
W-800HG-9A;48,00
W-96H-1A;48,00
W-96H-1B;48,00
W-96H-2A;48,00
WS-1300H-2A;62,00
WS-1400H-1A;58,00
WS-1400H-1B;58,00
WS-1400H-2A;58,00
WS-1400H-3A;58,00
WS-1400H-4A;58,00
WS-1400H-8B;58,00
WS-1500H-1A;65,00
WS-1500H-2A;65,00
WS-1500H-3B;65,00
WS-1500H-5B;65,00
WS-1600H-1A;61,00
WS-1600H-2A;61,00
WS-1600H-8A;61,00
WS-1700H-1A;67,00
WS-1700H-5A;67,00
WS-1700H-8A;67,00
WS-B1000-1A;117,00
WS-B1000-2A;117,00
WS-B1000-8B;117,00
